video_url,user_url,username,title,view_num,created_at,shortdesc,collected_at
/watch?v=vvgxkED9L1U&pp=ygUOZWF0aW5nIGhlYWx0aHk%3D,/@LetsEatPlants,Let's Eat Plants,Healthy Eating Habits that will Change your Life!,11K,4 weeks,"My top 10 practical tips and simple strategies to make 2024 your healthiest year yet! Let's use this year to make delicious,¬†...",43:35.9
/shorts/tVutt0YLjWs,/@HamzaUniverse_,HamzaUniverse,How To Start Eating Healthy,383K,1 year,hamza #shorts #health #eating #food Watch the video here https://www.youtube.com/watch?v=mP78d2JeY1o.,43:35.9
/watch?v=Q4yUlJV31Rk&pp=ygUOZWF0aW5nIGhlYWx0aHk%3D,/@TEDx,TEDx Talks,How to make healthy eating unbelievably easy | Luke Durward | TEDxYorkU,6.3M,9 years,"After breaking his leg, undergraduate student Luke Durward used his time to return home and mentor his little brother on healthy¬†...",43:42.3
/watch?v=iyfuQZft3LE&pp=ygUOZWF0aW5nIGhlYWx0aHk%3D,/@BrittanyLupton,Brittany Lupton,"what i eat in a day | eating intuitively, healthy recipes, go to snacks, tips for eating healthy",9.7K,3 days,"what i eat in a day | eating intuitively, healthy recipes, go to snacks, tips for eating healthy #whatieatinaday #healthyrecipes¬†...",43:42.3
/watch?v=gMdSUB-Lbp8&pp=ygUOZWF0aW5nIGhlYWx0aHk%3D,/@gravitasdocumentaries,Gravitas Documentaries,"Eating You Alive - Diet, Health and Wellness Documentary",1.2M,1 year,Nearly 30.4 million people die each year from chronic diseases and $3.8 trillion is spent in healthcare costs in the U.S. alone for¬†...,43:42.3
/watch?v=AjrvVQ7DHb4&pp=ygUOZWF0aW5nIGhlYWx0aHk%3D,/@jjvirginvideos,JJ Virgin,Foods I Eat EVERY DAY As a Nutrition Expert üåøüçéü•¶,447K,7 months,"These are the foods I eat EVERY DAY as a nutrition expert, and you should too... These fat loss foods are amazing at keeping the¬†...",43:42.3
/watch?v=jdsn8t7mCkQ&pp=ygUOZWF0aW5nIGhlYWx0aHk%3D,/@lewishowes,Lewis Howes,"HEALTHY FOODS That Heal The Body, Starve Cancer & PREVENT DISEASE! | Dr. William Li & Lewis Howes",4.9M,2 years,"William W. Li, MD, is a world-renowned physician, scientist, speaker, and author of EAT TO BEAT DISEASE ‚Äì The New Science of¬†...",43:42.3
/watch?v=2kCOXLkbsKw&pp=ygUOZWF0aW5nIGhlYWx0aHk%3D,/@CHRISHERIA,CHRIS HERIA,How To Start Eating Healthy (LIFE CHANGING),5.4M,3 years,Join Chris Heria as he shows you How To Start Eating Healthy to begin changing your life today. Follow along with him as he¬†...,43:42.3
/watch?v=jwWpTAXu-Sg&pp=ygUOZWF0aW5nIGhlYWx0aHk%3D,/@CleanandDeliciousDani,Clean & Delicious,BEGINNERS GUIDE TO HEALTHY EATING | 15 healthy eating tips,1.8M,6 years,"‚ñ∂Ô∏é As a thank-you for pre-ordering the book, I am gifting you my two e-books (Banana Nice Cream and Easy & Yummy Salad¬†...",43:42.3
/shorts/0H7gHXrMC60,/@Sambucha,Sambucha,Healthy or Unhealthy Foods?,4.9M,8 months,Subscribe and you'll have good luck forever :) Check out my other socials! Instagram¬†...,43:42.3
/shorts/veThbueFRI0,/@growingannanas,growingannanas,healthy habits I developed over the years (and you can too üß°),7.2M,1 year,Here are some healthy girl habits i developed over the years and you can too number one around half a liter of water straight after¬†...,43:42.3
/watch?v=zdjWnvbaUZo&pp=ygUOZWF0aW5nIGhlYWx0aHk%3D,/@medtoday,Med Today,Most Nutrient-Dense Foods (Superfoods) On The Planet |Most Nutritious Foods,551K,1 year,Some foods are referred to as superfoods since they are extremely healthy & nutritious. While containing high amounts of¬†...,43:42.3
/watch?v=AYXfaVD5o40&pp=ygUOZWF0aW5nIGhlYWx0aHk%3D,/@JoshuaWeissman,Joshua Weissman,"Cheap And Healthy Meals For The Week, Done In 1 Hour",5.3M,1 year,I'm challenging myself to get shredded with meal prep... but it actually tastes good. Get My Cookbook:¬†...,43:42.3
/watch?v=xyQY8a-ng6g&pp=ygUOZWF0aW5nIGhlYWx0aHk%3D,/@TEDEd,TED-Ed,How the food you eat affects your brain - Mia Nacamulli,18M,7 years,"When it comes to what you bite, chew and swallow, your choices have a direct and long-lasting effect on the most powerful organ¬†...",43:42.3
/watch?v=4YFpCIP8I1U&pp=ygUOZWF0aW5nIGhlYWx0aHk%3D,/@Greenhealthycooking,Green Healthy Cooking,The Best Clean Eating Program | How to make eating healthy a habit,119K,2 years,Meal planning and meal prepping are the secrets to sticking to a healthy diet! This clean eating program makes the learning¬†...,43:42.3
/watch?v=yTNN_0j5S2Q&pp=ygUOZWF0aW5nIGhlYWx0aHk%3D,/@Edukalebylucie,Edukale by Lucie,Healthy eating for beginners: how to eat healthy in 2024! Best tips from a nutritionist. | Edukale,4.3K,2 weeks,"Healthy eating for beginners: how to eat healthy in 2024! Best tips from a nutritionist. | Edukale ‚û§ Recap of everything I offer, free¬†...",43:42.3
/watch?v=A9T9_5dNL3Y&pp=ygUOZWF0aW5nIGhlYWx0aHk%3D,/@genkipark,Genki Park,Healthy Food Kids Song - Eat a healthy meal - Yummy Tummy - Mealtime Vegetable Song - Simple Song,8.3M,11 months,"Genki Park - a place for kids to laugh, sing and learn. For kids it is important to eat healthy food. But Tummy is always hungry and¬†...",43:42.3
/watch?v=Mk1DRQkObHc&pp=ygUOZWF0aW5nIGhlYWx0aHk%3D,/@lindasunyt,Linda Sun,I Changed My BODY & My LIFE in 1 month. (Everything I Actually Eat & How I Train) | My New Habits,4.4M,1 year,A few words from me: I was terrified to post this video. I don't want you guys to think looking a certain way is the answer to¬†...,43:42.3
/watch?v=uan3Aj0bHKc&pp=ygUOZWF0aW5nIGhlYWx0aHk%3D,/@CasuallyExplained,Casually Explained,Casually Explained: Being Healthy,9.9M,4 years,the weakest of wills require the strongest of hearts. Thank you Sam for big leg joke that I stole without asking. Streaming weekdays¬†...,43:42.3
/watch?v=EhfOZMOF9W4&pp=ygUOZWF0aW5nIGhlYWx0aHk%3D,/@SmileandLearnEnglish,Smile and Learn - English,"Healthy Eating for Kids - Compilation Video: Carbohydrates, Proteins, Vitamins, Mineral Salts, Fats",614K,2 years,"Educational video for children to learn how to have a healthy diet. They will discover what these nutrients are, what they are for¬†...",43:49.8
/shorts/QlKNekZrRn0,/@tommywinkler,Tommy Winkler,Eating healthy foods that will make you lose weight for the whole day! #shorts #food #health,714K,11 months,Social Media's: Instagram: https://www.instagram.com/tommywinkler/ TikTok: https://www.tiktok.com/@tommywinkler? Twitter:¬†...,43:49.8
/watch?v=yLDZH50Sv9c&pp=ygUOZWF0aW5nIGhlYWx0aHk%3D,/@BeccaWatson,Becca Watson,I tried 10 NEW HEALTHY HABITS FOR A WEEK | *motivating* entering my productive era,3.4K,3 hours,"10 NEW HEALTHY HABITS FOR A WEEK CHALLENGE, from bone broth, to ice rolling, to meditation, here is what I found‚Ä¶",43:49.8
/watch?v=VBlkJ0Xi9Ms&pp=ygUOZWF0aW5nIGhlYWx0aHk%3D,/@WatchMojo,WatchMojo.com,Top 20 Healthiest Foods In The World,1.2M,1 year,"Looking for health food tips that work? Watch this video! For this list, we'll be looking at the foods with the most nutritional value¬†...",43:49.8
/watch?v=vEA2puiERK0&pp=ygUOZWF0aW5nIGhlYWx0aHk%3D,/@sadhguru,Sadhguru,4 Tips on How to Eat Right ‚Äì Sadhguru,5.3M,3 years,Sadhguru shares 4 practical tips on how to eat in a way that makes you healthy - naturally and effortlessly. To watch this video in¬†...,43:49.8
/watch?v=5dR22hbln6w&pp=ygUOZWF0aW5nIGhlYWx0aHk%3D,/channel/UCVcQH8A634mauPrGbWs7QlQ,Jack Hartmann Kids Music Channel,Good Foods | Healthy Foods Song for Kids | Jack Hartmann,2.4M,4 years,Healthy foods help our bodies and brains. Find out about good foods and ways they help make us healthy. Jack Hartmann's Good¬†...,43:49.8
/watch?v=p6OGdU4R98w&pp=ygUOZWF0aW5nIGhlYWx0aHk%3D,/@GundryMDYT,Gundry MD,"15 more ""Yes"" and ""No"" foods to start eating Healthy!",225K,1 year,#GundryMD #GutHealth #HealthySnack.,43:49.8
/shorts/zXfKuvuRRu8,/@NutritionByKylie,Nutrition By Kylie,This dietitian‚Äôs #1 tip for healthy eating #shorts,3.7M,1 year,Today i'm going to share with you what i tell people when they say they want to start eating healthier you want to focus on adding¬†...,43:49.8
/watch?v=F7gDIshc-S0&pp=ygUOZWF0aW5nIGhlYWx0aHk%3D,/@drekberg,Dr. Sten Ekberg,Top 10 Healthy Foods You Must Eat,6.7M,3 years,Welcome to Top 10 Ways To Get Healthy Naturally by Dr. Sten Ekberg; a series where I try to tackle the most important health¬†...,43:49.8
/shorts/dDLRaiocb_k,/@letsKWOOWK,KWOOWK,Healthy Meals That Don't Suck,16M,1 year,shorts #kwoowk.,43:49.8
/watch?v=h6k6n8Mv3Zg&pp=ygUOZWF0aW5nIGhlYWx0aHk%3D,/@ChristinaBellaC,Christina Bella,"What I Eat in a Day | how I lost fat & gain muscle, improved gut health, & changed my lifestyle!",399K,8 months,"Hi guys‚ù§Ô∏è In today's video, I am sharing my fitness journey! Over the past 3 months, I've completely changed my eating habits¬†...",43:49.8
/watch?v=9e2wvrnXKC0&pp=ygUOZWF0aW5nIGhlYWx0aHk%3D,/@TEDx,TEDx Talks,Why eating healthy looks different for everyone | Lauren Senior | TEDxLeedsBeckettUniversity,11K,4 hours,How culturally tailored interventions can improve the nutrition-related health of Black African and Black Caribbean migrants and¬†...,43:49.8
/watch?v=e1wLP6hByEE&pp=ygUOZWF0aW5nIGhlYWx0aHk%3D,/@NSLEARNINGTOOLS,NS LEARNING TOOLS,"Healthy Food, Unhealthy food, Healthy Vs Unhealthy food, Healthy Food Names, Healthy Eating for kids",739K,3 years,"In this video We will learn about ""Healthy Food And Unhealthy Food"" Healthy Food for kids, Unhealthy food, Healthy Vs Unhealthy¬†...",43:49.8
/watch?v=7zf1oK2slgg&pp=ygUOZWF0aW5nIGhlYWx0aHk%3D,/@BestieHealth,Bestie Health,Your Body NEEDS These 20 Nutritious Foods Every Day - Eat Them Today!,507K,3 years,"Thinking about improving your diet? That can be quite a task! Grocery stores are flooded with so many healthy alternatives,¬†...",43:49.8
/watch?v=3DM3_ocFy0U&pp=ygUOZWF0aW5nIGhlYWx0aHk%3D,/@thecookingdoc,The Cooking Doc,What Happens When You Start Eating Healthy?,46K,8 months,What Happens When You Start Eating Healthy? A Doctor Explains Eating healthier can impact your life in many different ways.,43:49.8
/shorts/ljkNA3oph-E,/@ColleenChristensen,Colleen Christensen,Why Nutrition Is Confusing AF....,946K,1 year,What if it didn't need to be this complicated!? It doesn't! Want to learn more about how to use gentle nutrition as an intuitive¬†...,43:59.2
/watch?v=s7HMlciPo0g&pp=ygUOZWF0aW5nIGhlYWx0aHk%3D,/@lindasunyt,Linda Sun,"What a Nutrition Student Eats in a Week | Burnout, Break Downs, & Bad Days | Why Gymshark FIRED Me",439K,8 months,*This was filmed in January 2023 - due to mental health issues I have a lot of footage I haven't edited yet. I'm just playing catch up¬†...,43:59.2
/shorts/GLM1Crhw_-0,/@HighLifeWorkout,Brandon Carter,Why I Never Eat Carbs ‚ùåü•îüçû,5.2M,1 year,Follow me on Instagram - http://instagram.com/kingketo.,43:59.2
/watch?v=QzSpEkMVFqI&pp=ygUOZWF0aW5nIGhlYWx0aHk%3D,/@Edukalebylucie,Edukale by Lucie,"HOW TO START HEALTHY EATING: basic nutrition for BEGINNERS, tips to nourish your body. | Edukale",114K,3 years,"How to start healthy eating: basic nutrition for beginners, tips to nourish your body. All the conflicting information regarding¬†...",43:59.2
/shorts/__2ymJz__oo,/@LillySabri,Lilly Sabri,"Reminder, healthy food isn't bland ü§§",7.8M,1 year,DON'T FORGET to Subscribe for daily uploads xx Hit that bell icon to get a notification when I upload.,43:59.2
/shorts/oWUwFb1LcIQ,/@tommywinkler,Tommy Winkler,Eating healthy for the entire day! #shorts,724K,2 years,Instagram: @tommywinkler Snapchat: @tommy2910 Twitter: @tommy_winkler_ TikTok: @tommywinkler My Merch Link:¬†...,43:59.2
/watch?v=fqhYBTg73fw&pp=ygUOZWF0aW5nIGhlYWx0aHk%3D,/@DocMikeEvans,DocMikeEvans,What's the Best Diet? Healthy Eating 101,1.7M,8 years,"The Centre for Child Nutrition, Health and Development (CCNHD) brings world-class talent and resources together to tackle the¬†...",43:59.2
/watch?v=ARBYraWuG0I&pp=ygUOZWF0aW5nIGhlYWx0aHk%3D,/@DrBobbyPrice,Dr. Bobby Price,Healthy Eating On A Budget: 7 Money Saving Grocery Shopping Hacks,117K,10 months,One of the biggest myths about eating healthy is that it will break your budget. Well in this video I'll not only be debunking that¬†...,43:59.2
/watch?v=nfoewuGlGhc&pp=ygUOZWF0aW5nIGhlYWx0aHk%3D,/@ConnieRiet,Connie Riet,5 Foods I STOPPED Eating to Improve My Health | Healthy Eating Tips,130K,1 year,5 Foods I STOPPED Eating for Weight Loss and to Improve My Health I'm sharing what foods I don't eat for weight loss and overall¬†...,43:59.2
/shorts/4UlUw0RQixU,/@DanielLaBelle,Daniel LaBelle,When you try to eat healthy,9.5M,9 months,New website live now! https://www.daniellabelle.com New merch available now! https://shop.daniellabelle.com/,43:59.2
/shorts/IXBt1437Www,/@chefkoudy,chefkoudy,"Inevitable fateüòå‚ô•Ô∏èüçîüòÅand you can't control the fate, right?üòÇ | Eating healthy be like| CHEFKOUDY",14M,1 year,streetfood #healthy #healthylifestyle #sandwichrecipe #healthyfood #snack #sandwich #homecooked #chicken #friedchicken¬†...,43:59.2
/watch?v=BD4Ep93cfpI&pp=ygUOZWF0aW5nIGhlYWx0aHk%3D,/@ashleyhetherington_,Ashley Hetherington,"TREAT YOUR BODY LIKE A TEMPLE: Tips on eating healthy, workout routine, & purity as a Christian girl",116K,8 months,"TREAT YOUR BODY LIKE A TEMPLE: Tips on eating healthy, workout routines, & purity as a Christian girl Hi angels! In this video¬†...",43:59.2
/shorts/zI5P38HsOnM,/@ShivamMalik09,Shivam Malik,Food for healthy skinüòçüòçüòç | Shivam malik motivation | shivammalik09 | the helpinghand #shorts,2.6M,2 years,For more Informational and motivational videos subscribe to my channel. . . Instagram:-¬†...,43:59.2
/watch?v=k2q0qK5Plio&pp=ygUOZWF0aW5nIGhlYWx0aHk%3D,/@AnalisCruz,Analis Cruz,"WHAT I EAT IN A DAY | High Protein, Healthy & Simple Meals",1.7M,1 year,"What's up Familia, welcome back‚ô° I Hope that you enjoyed watching What in Eat in a Day and that it inspires you to eat heathy.",43:59.2
/watch?v=7UDx1RF9Oho&pp=ygUOZWF0aW5nIGhlYWx0aHk%3D,/@PickUpLimes,Pick Up Limes,HEALTHY EATING HACKS ¬ª + printable guide,8.7M,5 years,Get a free audiobook + a 30 day trial for Audible at http://audible.com/pickuplimes Get the Pick Up Limes app (1-week free trial!),43:59.2
/watch?v=25CRrMNZdXk&pp=ygUOZWF0aW5nIGhlYWx0aHk%3D,/@KylaBeland,Kyla Beland,My Current Good Gut Health Routine | how healing my gut changed my life!,498K,1 year,"Hi friends! In today's video, I talk about why it is important to focus on your gut health, my journey with gut issues and how I¬†...",43:59.2
/shorts/Hu4zkSwnNt8,/@AndrewFoxShorts,Andrew Fox Shorts,The Average American Diet ü§¢ #shorts,8.5M,1 year,america - average american diet #shorts.,43:59.2
/watch?v=49M_MHJ0LuM&pp=ygUOZWF0aW5nIGhlYWx0aHk%3D,/@healthyveganeating,HealthyVeganEating,"JAVANT""S INTERVIEW with Healthy For My Purpose -  Eating Foods You Don't Like & Changing Your Taste",11K,1 month,"Javant talks about: Changing your taste, Women fooling their husbands, His health scare, Why he eats foods he doesn't like,¬†...",43:59.2
/watch?v=xJdOeyKTRBU&pp=ygUOZWF0aW5nIGhlYWx0aHk%3D,/@ConnieRiet,Connie Riet,How I Eat Healthy + Intermittent Fasting | Mindful Healthy Eating Tips for Wellness,75K,1 year,How I Eat Healthy + Intermittent Fasting | Mindful Healthy Eating Tips for Wellness What I eat to stay healthy while intermittent¬†...,44:07.4
/watch?v=NSZZVcwbCOc&pp=ygUOZWF0aW5nIGhlYWx0aHk%3D,/@CleanandDeliciousDani,Clean & Delicious,HEALTHY EATING | how-to make eating healthy easier,35K,1 year,"As a thank-you for pre-ordering the book, I am gifting you my two e-books (Banana Nice Cream and Easy & Yummy Salad¬†...",44:07.4
/watch?v=fE8lezHs19s&pp=ygUOZWF0aW5nIGhlYWx0aHk%3D,/@EnglishTreeTV,English Tree TV,Healthy Food Vs Junk Food Song!,34M,7 years,"A food song for kids! Do you like broccoli? Do you like chocolate? Teach and learn food names, and the difference between¬†...",44:07.4
/watch?v=uz_DVBZaAoY&pp=ygUOZWF0aW5nIGhlYWx0aHk%3D,/@DoctorMike,Doctor Mike,What I Actually Eat In A Day | Doctor Mike,5.2M,6 years,"Hey, guys! Today, I'm sharing with you what I actually eat in a day. My schedule can get hectic but I still try to eat a balanced,¬†...",44:07.4
/watch?v=YZ11C-U7S8I&pp=ygUOZWF0aW5nIGhlYWx0aHk%3D,/channel/UCcdwLMPsaU2ezNSJU1nFoBQ,Pinkfong Baby Shark - Kids' Songs & Stories,A Healthy Meal | Healthy Eating Song | Healthy Habits | Pinkfong Songs for Children,6M,4 years,"Let's all be healthy and strong by eating healthily! You're watching 'A Healthy Meal', a fun Healthy Habit song to grow your¬†...",44:07.4
/shorts/cuX8hrtl2Bw,/@PlantYou,Carleigh Bodrug,Gut healthy stew #plantbased #recipe #shorts #guthealth,302K,2 years,... are plants my friend dr will balsowitz the best-selling author of fiberfield says the biggest indicator of a healthy gut microbiome is¬†...,44:07.4
/watch?v=dd0AVn9T4JY&pp=ygUOZWF0aW5nIGhlYWx0aHk%3D,/@ashleyhetherington_,Ashley Hetherington,"WHAT I EAT IN A WEEKüç¥(simple, easy and healthy meals)",41K,6 months,"WHAT I EAT IN A WEEK  (simple, easy and healthy meals) hello beautiful people! i hope you enjoy this video where i share with¬†...",44:07.4
/watch?v=h_zc4u4zL2Q&pp=ygUOZWF0aW5nIGhlYWx0aHk%3D,/@PickUpLimes,Pick Up Limes,What to EAT for HEALTHY SKIN (science-backed!) üë©üèª‚Äçüåæ,853K,1 year,"Aside from nutrition, there are many other factors can impact our skin, from genetics, to medical conditions, skincare products,¬†...",44:07.4
/watch?v=qLtTUd6FPOs&pp=ygUOZWF0aW5nIGhlYWx0aHk%3D,/@ELTSongs,Planet Pop by ELT Songs,Planet Pop | Healthy Food | ESL Songs | English For Kids | #PlanetPop #learnenglish,700K,4 years,Planet Pop offers a comprehensive approach to English language learning for kids through various engaging components: Music¬†...,44:07.4
/shorts/b3F8A_8QYxU,/@tommywinkler,Tommy Winkler,Eating Healthy at Fast Food Restaurants! #shorts #food #health,359K,11 months,Social Media's: Instagram: https://www.instagram.com/tommywinkler/ TikTok: https://www.tiktok.com/@tommywinkler? Twitter:¬†...,44:07.4
/watch?v=vYC5ZzJI2PU&pp=ygUOZWF0aW5nIGhlYWx0aHk%3D,/@KieunChoi,Kieun Choi,what i eat in a week (simple + easy homemade meals),2.2M,1 year,FTC: This video is sponsored by GlassesUSA.com.,44:07.4
/watch?v=M-H2KuoR20g&pp=ygUOZWF0aW5nIGhlYWx0aHk%3D,/@NutritionMadeSimple,Nutrition Made Simple!,9 Tips to Eat Healthy on a Budget,36K,3 years,Eating healthy is so expensive! Or is it? 9 key life-hacking tips to save big and help your health and your wealth. We all know we¬†...,44:07.4
/watch?v=JLYaSBOuje8&pp=ygUOZWF0aW5nIGhlYWx0aHk%3D,/@JillzGuerin,Jillz Guerin,BEGINNER'S GUIDE TO HEALTHY EATING // how to start eating healthy without feeling overwhelmed,9.3K,3 years,"If you're wondering how to start eating healthy and not sure where to begin, then this is the video for you! This the ultimate¬†...",44:07.4
/watch?v=uaFXMdTGV30&pp=ygUOZWF0aW5nIGhlYWx0aHk%3D,/@Lifesumapp,Lifesum,Nutrition basics for healthy eating | Nutrition Time - EP15 | Lifesum,19K,2 years,"Welcome to the healthy eating beginner's guide! Learn all about macronutrients, micronutrients, calories, and how they all affect¬†...",44:07.4
/watch?v=laQQ5Xq_YTo&pp=ygUOZWF0aW5nIGhlYWx0aHk%3D,/@lindasunyt,Linda Sun,a week of healthy + realistic college meals üìöüçé how I stay fit during school | productive habits,372K,4 months,"be kind to yourselves welcome to a ‚Äúproductive‚Äù college week in my life filled with cottage cheese, baked oats, breakfast¬†...",44:07.4
/shorts/FTsd3BzZrlI,/@VuxVux,VuxVux,Alright I‚Äòm gonna eat healthy‚Ä¶ #roblox #shorts,4.7M,6 months,All right I'm gonna eat healthy I mean looking at the junk food isn't a bad thing as long as I don't buy the junk food I'm just gonna¬†...,44:07.4
/watch?v=z7EewP9k_7w&pp=ygUQd29ya2luZyBvdXQgdGlwcw%3D%3D,/@magnus_method,Magnus Method,21 Fitness Tips Every Beginner Needs to Know,153K,2 years,"As a celebrity trainer, I aim to give you the tools you need to achieve the best fitness results possible! Whether you're a beginner¬†...",46:13.3
/watch?v=EKUNGQ4LmH8&pp=ygUQd29ya2luZyBvdXQgdGlwcw%3D%3D,/@magnus_method,Magnus Method,Beginner's Guide to the Gym | DO's and DON'Ts,2.3M,1 year,Get started going to the gym the RIGHT way! Everything from how to prepare to supplements and pre/post workout etc. in this¬†...,46:13.3
/watch?v=geK9GNKGRpo&pp=ygUQd29ya2luZyBvdXQgdGlwcw%3D%3D,/@JeremyEthier,Jeremy Ethier,How To FORCE Muscle Growth (5 Science-Based Methods),4M,1 year,"When it comes to how to grow muscle, you need to continuously challenge them with more than they're used to. In other words:¬†...",46:13.3
/watch?v=GbxUWBG31Oo&pp=ygUQd29ya2luZyBvdXQgdGlwcw%3D%3D,/@GravityTransformation,Gravity Transformation - Fat Loss Experts,Top 10 Muscle Building Tips for BEGINNERS,2.3M,5 years,The Top 10 BEST Muscle Building Tips for Beginners & skinny guys. Learn how to build muscle with these workout and diet tips.,46:13.3
/watch?v=_fbCcWyYthQ&pp=ygUQd29ya2luZyBvdXQgdGlwcw%3D%3D,/@JREClips,JRE Clips,Joe Rogan - How To Workout Smarter,15M,5 years,Firas Zahabi on focusing on consistency over intensity in training.,46:13.3
/watch?v=NmCAJTdtwCI&pp=ygUQd29ya2luZyBvdXQgdGlwcw%3D%3D,/@musclemonsters,musclemonsters,7 Science-Based Training Tips for Skinny Guys (BULK UP FAST!),363K,1 year,"With all of the different workout routines, supplements, and secret techniques to choose from, building muscle as a naturally¬†...",46:13.3
/watch?v=LhEFM7qerCI&pp=ygUQd29ya2luZyBvdXQgdGlwcw%3D%3D,/@Sean_Nalewanyj,Sean Nalewanyj,15 Idiotic Muscle Building Mistakes (AVOID THESE!),3.3M,2 years,------------------------------------------------------------------------------------- 15 Muscle Building Mistakes To Avoid: In today's video we're¬†...,46:13.3
/watch?v=04kAfDdqEfg&pp=ygUQd29ya2luZyBvdXQgdGlwcw%3D%3D,/@BrettMaverick,Brett Maverick,The Perfect Workout Routine For Teens (Science-Based),1.7M,1 year,... I share with you The Perfect Workout Routine For Teens (Science-Based) As a teenager this is the best time to start working out¬†...,46:13.3
/watch?v=FGfmORUoL6A&pp=ygUQd29ya2luZyBvdXQgdGlwcw%3D%3D,/@growingannanas,growingannanas,10 TIPS TO GET MOTIVATED - How do I find motivation to workout?,182K,1 year,"Team, it's not always easy to feel motivated to get up and workout. Let me share with you my 10 TIPS TO GET MOTIVATED! I hope¬†...",46:13.3
/watch?v=gwodnO1wZ9g&pp=ygUQd29ya2luZyBvdXQgdGlwcw%3D%3D,/@ameliedesai,Amelie Desai,"MY FITNESS JOURNEY: diet changes, current split, how to start + tips!",901K,1 year,HELLO HELLO! Thank you for clicking on todays video! This one is a bit longer than usual but I tried to answer all of my most¬†...,46:13.3
/watch?v=q9Cux6Ed20g&pp=ygUQd29ya2luZyBvdXQgdGlwcw%3D%3D,/@Sean_Nalewanyj,Sean Nalewanyj,20 Common Lifting Mistakes To Avoid! (Are You Guilty Of These?),5.1M,2 years,--------------------------------------------------------------------------------------- In today's video I'm covering a variety of lifting mistakes related to¬†...,46:13.3
/watch?v=MilYefF9DjI&pp=ygUQd29ya2luZyBvdXQgdGlwcw%3D%3D,/@TheInfographicsShow,The Infographics Show,What Happens to Your Body When You Start Exercising?,3.3M,1 year,"Exercising has some amazing benefits to the body, and in today's epic new video, we're going to fill you in on why you need to get¬†...",46:13.3
/watch?v=nrQ1CQ2HRYk&pp=ygUQd29ya2luZyBvdXQgdGlwcw%3D%3D,/@GravityTransformation,Gravity Transformation - Fat Loss Experts,8 Best Things to do After a Workout,9.2M,2 years,These are 8 things you should do after your gym/home workouts. By taking these steps you'll be impressed with your improved¬†...,46:13.3
/watch?v=Hxwd-9p54c8&pp=ygUQd29ya2luZyBvdXQgdGlwcw%3D%3D,/@lenalifts,LenaLifts,"how to start working out: *life-changing* tips to be consistent, advice for motivation & gym anxiety",438K,6 months,"how to start working out, be consistent, get out of a slump, start your fitness journey, and change your life! GET MY WORKOUT¬†...",46:13.3
/watch?v=bFHoFOs7Dh4&pp=ygUQd29ya2luZyBvdXQgdGlwcw%3D%3D,/@TeamAcne,Team Acne,Top 10 Tips To AVOID ACNE While Working Out & Gaining Muscle!,23K,7 months,If you like to work out you know that your acne can get worse from the things you do to gain muscle! In this video I give my top 10¬†...,46:13.3
/watch?v=XIYuxAeKSM0&pp=ygUQd29ya2luZyBvdXQgdGlwcw%3D%3D,/@NoelDeyzel,Noel Deyzel,How to start going to the gym,886K,1 year,"I hope that this video helps you!     sorry for the time off from YouTube, life has been crazy and I'm now in the USA! Looking¬†...",46:13.3
/watch?v=J3n1fsrl_qA&pp=ygUQd29ya2luZyBvdXQgdGlwcw%3D%3D,/@RosaStringWorks,Rosa String Works,680 RSW Detailed Guitar Repair and Setup Tips,4.4K,17 hours,I am retired from Luthier work. However I will still help out close friends and relatives. Hope you enjoy this video. It took me well¬†...,46:13.3
/shorts/XbAXhiNq0jQ,/@HybridCalisthenics,Hybrid Calisthenics,3 Common Beginner Fitness Mistakes,3.8M,3 years,Hey friends! This video took a lot longer than I expected... I ended up making a lot of mistakes and had to redo parts of it. Irony?,46:13.3
/watch?v=U1IhiapYdbk&pp=ygUQd29ya2luZyBvdXQgdGlwcw%3D%3D,/@sarahs_plantjourney,Daily Movement with Sarah,You Are Not Failing | 5 tips for creating a consistent workout routine,No,21 hours,"Reward yourself for going on that walk outside when working out feels hard, or for getting on your mat to stretch when maybe¬†...",46:20.9
/watch?v=YvrKIQ_Tbsk&pp=ygUQd29ya2luZyBvdXQgdGlwcw%3D%3D,/@mdanderson,MD Anderson Cancer Center,Cardio vs. strength training: What you need to know,4.1M,4 years,"Cardio and strength training affect your body differently, and both are essential to your health and well being. Watch this video to¬†...",46:20.9
/shorts/rf1MfDdJc4A,/@ThomasDvorak123,Thomas Dvorak,Progressive Overload:  The commonly overlooked yet incredibly important part of working out,No,1 hour,Full video with other 5 tips for focus in working out: https://youtu.be/UFwF2KCEFlk Instagram: _tom.dvorak_.,46:20.9
/watch?v=D7MZXgEys0k&pp=ygUQd29ya2luZyBvdXQgdGlwcw%3D%3D,/@railwaymechanicalinfo,RAILWAY MECHANICAL INFO,LHB TRAIN PRESSURE SWITCH WORK OUT TIPS & REMEDY PROCEDURE | SECTION TROUBLESHOOTING AVOID 60 kmph.,No,17 hours,LHB TRAIN PRESSURE SWITCH WORK OUT TIPS & REMEDY PROCEDURE | SECTION TROUBLESHOOTING AVOID 60¬†...,46:20.9
/watch?v=mUJJDSv5Vlg&pp=ygUQd29ya2luZyBvdXQgdGlwcw%3D%3D,/@GravityTransformation,Gravity Transformation - Fat Loss Experts,9 Worst Things to do Before a Workout,5.7M,3 years,Another mistake revolving around taking in excess is drinking too much coffee or pre-workout before you start working out.,46:20.9
/shorts/Tl3ue_d4Y6g,/@goharsguide,Gohar Khan,Beginner Workout Routine for Students,10M,8 months,Get into your dream school: https://nextadmit.com/roadmap/ I'll edit your college essay: https://nextadmit.com/services/essay/¬†...,46:20.9
/shorts/CKw1nmZkNEs,/@bernardorebeil,Bernardo Rebeil,WORKOUT PLAN WITH THE BEST RESULTSüî• #bernardorebeil #workoutplan #workout #workoutroutine,715K,7 months,Ever since I was 18 I've been searching for the best workout plan to build lean muscle so six years later having tried dozens of¬†...,46:20.9
/watch?v=T4JIVT5o2OM&pp=ygUQd29ya2luZyBvdXQgdGlwcw%3D%3D,/@ActiveUtopia,Active Utopia,Benefits of Working Out On Your Period  | Workout For Periods  | Can I Exercise On My Periods,No,1 hour,"Period got you down? Forget the myths! This channel unlocks the surprising benefits of working out on your cycle, with tips on¬†...",46:20.9
/watch?v=vDeKROjdE7Q&pp=ygUQd29ya2luZyBvdXQgdGlwcw%3D%3D,/@jimrodgers7676,Old Guy Ethos,Old Guy Workout Tips,No,20 hours,How to work out effectively and productively without tearing up your body.,46:20.9
/watch?v=c2UHFjxKYWg&pp=ygUQd29ya2luZyBvdXQgdGlwcw%3D%3D,/@TheRightFitz,The Right Fitz,TRF workout tips:  general excercise regimen,No,22 hours,"TRF new video series on working out, how to get strong, and what type of workout should I do.",46:20.9
/watch?v=_tjoKCcSzcU&pp=ygUQd29ya2luZyBvdXQgdGlwcw%3D%3D,/@Dasfitnesstips,Das fitness tips ,1minents + Hold On and fitness exercise|| @Das fitness tips,No,9 hours,1minents + Hold On and fitness exercise|| @Das fitness tips fitness tip and home work out simple steps #raja broan #df fitness.,46:20.9
/watch?v=1Ww0Xxac5v4&pp=ygUQd29ya2luZyBvdXQgdGlwcw%3D%3D,/@EverdayLiveAllinONE,Everday Live All in ONE!!,Tips of Weight Loss -14days challenge !!!!,No,11 hours,"YES! You can indeed see lose weight loss results in as early as 2 weeks! With continuous workout and a healthy diet, you can¬†...",46:20.9
/shorts/xbBAsdjkyg8,/@William_Li,William Li,ARE YOU A TEENAGER WITH A SKINNY CHEST? DO THIS WORKOUT,17M,1 year,#gym #buildmuscle #losefat #loseweight #growmuscle #fitness #fit #fitnesstips #fitnessadvice #burnfat #burncalories #protein¬†...,46:20.9
/watch?v=0QXaAQMwfBI&pp=ygUQd29ya2luZyBvdXQgdGlwcw%3D%3D,/@WillTennyson,Will Tennyson,Beginner's Gym Survival Guide,1.4M,2 years,"Today I go back in time to when I NEVER stepped foot in the gym but with my current knowledge. How would I eat, train and stay¬†...",46:20.9
/watch?v=-wd9Zimew-w&pp=ygUQd29ya2luZyBvdXQgdGlwcw%3D%3D,/@lenalifts,LenaLifts,"how to *actually* start working out: how to begin, being consistent, tips on motivation, & more!",1M,1 year,for business inquiries ONLY‚ú® contact: partnerships@lovelylifts.nyc songs I played in the video¬†...,46:20.9
/watch?v=1RaYlxuQkNY&pp=ygUQd29ya2luZyBvdXQgdGlwcw%3D%3D,/@GravityTransformation,Gravity Transformation - Fat Loss Experts,10 Best Things to do During Every Workout,1.6M,2 years,Using these 10 simple tips will make any workout better. Regardless of whether you exercise at the gym or at home by watching¬†...,46:20.9
/shorts/IcBszXB3Vs8,/@GravityTransformation,Gravity Transformation - Fat Loss Experts,3 Things to NEVER Do After a Workout,3.6M,8 months,"In General, working out is going to make you feel hungrier. And, if you binge on food found at your local 7 eleven, like candy,¬†...",46:20.9
/watch?v=jFMCUA0igu4&pp=ygUQd29ya2luZyBvdXQgdGlwcw%3D%3D,/@AaronBosterMD,Aaron Boster MD,Multiple Sclerosis Work Out Tips: 5 Tips for MS Fitness,11K,5 years,Multiple Sclerosis Work Out Tips: 5 Tips for MS Fitness Exercise is super Important for people with Multiple Sclerosis (MS).,46:20.9
/watch?v=S8h36ZpOwwQ&pp=ygUQd29ya2luZyBvdXQgdGlwcw%3D%3D,/@CynthiaThurlow,"Cynthia Thurlow, NP",Why Fasting For Women Is Different And How To Adjust Your Lifestyle For INCREDIBLE Benefits,65,1 hour,"... I dive into an eclectic mix of questions, all related to intermittent fasting, pregnancy supplements, working out, and what breaks a¬†...",46:20.9
/watch?v=rBUjOY12gJA&pp=ygUQd29ya2luZyBvdXQgdGlwcw%3D%3D,/@InsiderTech,Insider Tech,What Happens To Your Body When You Start Exercising Regularly | The Human Body,8.9M,6 years,"Leading a more active lifestyle takes time, effort, and determination, but in the end, it's really worth the shot. Here's what will¬†...",46:28.9
/shorts/l9e1c2o2lUQ,/@HybridCalisthenics,Hybrid Calisthenics,When is the best time to workout? (Studies attached),373K,1 year,When do you like to exercise? Legal Notice: Consult your doctor before beginning any kind of exercise program. This video does¬†...,46:28.9
/watch?v=2qWoegDcHMI&pp=ygUQd29ya2luZyBvdXQgdGlwcw%3D%3D,/@PictureFit,PictureFit,5 Beginner Gym Mistakes You Need to Avoid!,3.6M,5 years,"There are lots of things that can go wrong at the gym. And if you want to get in shape and do it safely, it's best that you avoid these¬†...",46:28.9
/watch?v=T_zU_5SXhiQ&pp=ygUQd29ya2luZyBvdXQgdGlwcw%3D%3D,/@GravityTransformation,Gravity Transformation - Fat Loss Experts,10 Tips to Increase Your Pushups FAST,17M,2 years,Learn how to do more pushups fast. These tips will help you increase your pushups and the total amount of reps you can¬†...,46:28.9
/shorts/h8NaYzNyIE4,/@HighLifeWorkout,Brandon Carter,Every Man Should Workout Everyday,973K,8 months,JOIN THE VICTORY UNIT FREE DISCORD CHANNEL: https://www.hightickettrainer.com/vu-discord FOLLOW BRANDON¬†...,46:28.9
/shorts/jnmUP9pN2Gc,/@JKnetz,Joel Kuruvilla,3 Gym Mistakes You Need To Avoid As A Beginner ‚ùå,1.4M,2 years,‚Ä¢‚Ä¢ ‚îÅ‚îÅ‚îÅ‚îÅ‚îÅ‚îÅ‚îÅ‚îÅ‚îÅ ‚Ä¢‚Ä¢‚óã‚Ä¢‚Ä¢ ‚îÅ‚îÅ‚îÅ‚îÅ‚îÅ‚îÅ‚îÅ‚îÅ‚îÅ ‚Ä¢‚Ä¢ #gym #fitness #gains #bulk #cut #transformation #motivation #skinnyfat¬†...,46:28.9
/shorts/Df26QH2_1ng,/@MinusTheGym,Minus The Gym,5 Tips To Burn More Calories (NOT Working Out),19K,2 years,Hey gang! I've been really fascinated by NEAT lately and wanted to make a video or two about it. I figured this would initially be a¬†...,46:28.9
/watch?v=GPq1_yGsa04&pp=ygUQd29ya2luZyBvdXQgdGlwcw%3D%3D,/@magnus_method,Magnus Method,The Best Workout Routine for Beginners,559K,11 months,"Regular physical activity not only helps you maintain a healthy weight, but it also improves your cardiovascular health, builds¬†...",46:28.9
/watch?v=FY5O607L08k&pp=ygUQd29ya2luZyBvdXQgdGlwcw%3D%3D,/@PictureFit,PictureFit,How Many Times a Week Should I Workout?,2.9M,6 years,Find out the best training frequency that works for you. You might be surprised about how often you can work out per week!,46:28.9
/watch?v=NQD0eP_2dNA&pp=ygUQd29ya2luZyBvdXQgdGlwcw%3D%3D,/@BrittanyLupton,Brittany Lupton,5 Fitness Tips That Changed My Life | How to START Changing Your Life & Mindset in 2022,174K,2 years,5 Fitness Tips That Changed My Life | How to START Changing Your Life & Mindset in 2022 #fitnessjourney #5fitnesstips¬†...,46:28.9
/watch?v=VShtLa5lpVA&pp=ygUQd29ya2luZyBvdXQgdGlwcw%3D%3D,/@TheBioneer,The Bioneer,You Can And SHOULD Train Every Day!,436K,1 year,"In this video, I argue that you can and SHOULD ""train"" every single day. While I do believe in recovery and think it's crucial to take¬†...",46:28.9
/watch?v=Xqdb2fXHXTY&pp=ygUQd29ya2luZyBvdXQgdGlwcw%3D%3D,/@RebeccaJayy,Rebecca Jay,"how to *actually* start working out (from a lazy girl) ‚ú®üëü tips, mindset motivation, aesthetic vlog",36K,2 weeks,chapters 00:00 how to start working out 00:37 change your definition of yourself 02:01 develop a routine before anything¬†...,46:28.9
/watch?v=qCDIuOtgJlU&pp=ygUQd29ya2luZyBvdXQgdGlwcw%3D%3D,/@OurRichJourney,Our Rich Journey,How to Retire Earlier Than Early - Our Top Motivation Tips to Fast Track Your Financial Independence,2K,2 hours,Enroll in our Stock Market Investing Course for Financial Independence and Retiring Early:¬†...,46:28.9
/watch?v=tztWNXs7bJE&pp=ygUQd29ya2luZyBvdXQgdGlwcw%3D%3D,/@bigmuscles,Big Muscles,What Happens to Your Body If You Work Out Every Day,65K,1 year,In this video I'll tell you about what changes will happen to your body if you start working out every day.,46:28.9
/shorts/AP0duaLlJJw,/@Coach_MarioRios,Mario Rios,Gym Bro Science Tips That Build Muscle üí™‚úÖ,955K,6 months,"In this video, Coach Mario Rios will be talking about some gym bro science tips that will help you build muscle!",46:28.9
/watch?v=O8TcVgUMDs0&pp=ygUQd29ya2luZyBvdXQgdGlwcw%3D%3D,/@GravityTransformation,Gravity Transformation - Fat Loss Experts,What Happens To Your Body From Exercise,429K,1 year,Find out exactly what happens to your body when you exercise (Entire biological process). See how working out changes your¬†...,46:28.9
/watch?v=aMEP3OyUB_M&pp=ygUQd29ya2luZyBvdXQgdGlwcw%3D%3D,/@13WMAZ,13WMAZ,Tips for working out while wearing a mask,321,3 years,"13WMAZ News is the #1 station for news and weather in the Central Georgia area, serving people in Dublin, Macon, Milledgeville¬†...",46:28.9
/shorts/2z4pdsn8zs4,/@kat_clark_,Kat Clark,GRWM Let‚Äôs see if these Heatless curls actually work #heatlesshairstyles,421K,19 hours,If I take these things out and I have straight hair I'm GNA have a minty bee are not comfortable to sleep in every time I turn to my¬†...,46:28.9
/watch?v=bqt7qh5oq38&pp=ygUQd29ya2luZyBvdXQgdGlwcw%3D%3D,/@HubermanLabClips,Huberman Lab Clips,How to Build Your Weekly Workout Program | Jeff Cavaliere & Dr. Andrew Huberman,586K,1 year,"Jeff Cavaliere, MSPT, CSCS, and Dr. Andrew Huberman discuss how to build your weekly workout program. Jeff Cavaliere is a¬†...",46:28.9
/watch?v=b4y72LF1DM0&pp=ygUQd29ya2luZyBvdXQgdGlwcw%3D%3D,/@eHowFitness,eHowFitness,Fitness & Working Out : Safety Tips for Treadmills,6.7K,14 years,"Safety tips for treadmills include training only at your level of experience, always cooling down at the end of a treadmill workout¬†...",46:36.6
/shorts/ow47fAUkO_s,/@CoryArmstrongFitness,Cory Armstrong Fitness,Everything Beginners Need to Know in the Gym,310K,8 months,Apply To Work With Me 1 on 1 HERE: https://coryarmstrongfitness.com/coaching.,46:36.6
/watch?v=idIgmDp7YUg&pp=ygUQd29ya2luZyBvdXQgdGlwcw%3D%3D,/@DrDrayzday,Dr Dray,6 TIPS TO NOT BREAKOUT WHILE WORKING OUT| DR DRAY,54K,4 years,"Social media Instagram @drdrayzday Facebook @DrDrayzDay Twitter: @drdrayzday Mail: PO Box 542234 Houston,¬†...",46:36.6
/watch?v=K0ekIK4lToQ&pp=ygUQd29ya2luZyBvdXQgdGlwcw%3D%3D,/@eHowFitness,eHowFitness,How to Work Out Your Trapezius at Home : Tips for Working Out,12K,11 years,Working out your trapezius is something you can do at home any day of the week. Work out your trapezius at home with help from¬†...,46:36.6
/watch?v=LlN407oNUag&pp=ygUQd29ya2luZyBvdXQgdGlwcw%3D%3D,/@JosecZuniga,Teachingmensfashion,The BEST Way To Start Working Out  *EASY For Beginners*,229K,3 years,Thank you to Stitch Fix for sponsoring this video! FOLLOW US ON SOCIAL MEDIA: Website: http://teachingmensfashion.com/¬†...,46:36.6
/watch?v=tas60jI7XyY&pp=ygUQd29ya2luZyBvdXQgdGlwcw%3D%3D,/@TreyJones,Trey Jones,Exercise Triggering Your Anxiety? Do You Fear Working Out? ‚û°Ô∏è Awesome Tips!,12K,1 year,Exercise Triggering Your Anxiety? Do You Fear Working Out? ‚û°Ô∏è Awesome Tips! ELITE ANXIETY BOOTCAMP! ‚û°Ô∏è If you are¬†...,46:36.6
/watch?v=-tld0bc0t3k&pp=ygUQd29ya2luZyBvdXQgdGlwcw%3D%3D,/@natachaoceane,Natacha Oc√©ane,How to Create the Perfect Workout Plan // Ultimate Guide,1.7M,2 years,"This video is all about how to create the best workout plan for you, that you can tailor to your goals and to your routine to unlock¬†...",46:36.6
/watch?v=rsO3TF9i2sM&pp=ygUQd29ya2luZyBvdXQgdGlwcw%3D%3D,/@DrDavidGeier,Dr. David Geier,5 tips to motivate yourself to work out,834,5 years,"Let's face it. Exercise is hard. If it were easy everybody would do it, and everyone would be thin and look amazing. We all know¬†...",46:36.6
/watch?v=NOGK-ovOp14&pp=ygUQd29ya2luZyBvdXQgdGlwcw%3D%3D,/@theleanbeefpatty,LeanBeefPatty,5 Fitness Mistakes Made as a Beginner,1.7M,1 year,"This is my personal opinion about my experiences throughout my fitness journey, this advice will not apply to everyone. Beanie¬†...",46:36.6
/watch?v=6q_4CuRhBmU&pp=ygUQd29ya2luZyBvdXQgdGlwcw%3D%3D,/@depressiontoexpression,Scott Ste Marie,3 Simple Tips for Working with Depression,35K,3 years,"Scott Ste Marie is a Mindfulness Practitioner, Coach and Mentor. Through his lived experience with depression and anxiety he¬†...",46:36.6
/shorts/gPENY0vIXBA,/@orlandohealth,Orlando Health,Work Out Tips | Dr. Sean McFadden,117,10 months,"When you're new to working out regularly, starting out can be intimidating. Dr. Sean McFadden, a board-certified orthopedic¬†...",46:36.6
/shorts/ACm_4kvo1Wo,/@dalati,Pierre Dalati,4 Things You NEED In Your Workout Routine,278K,6 months,I've been working out for five years and I can proudly say I am in the best shape of my life in terms of strength athleticism versatility¬†...,46:36.6
/shorts/6-kxGEQINos,/@FitnesswithPJ,Fitness with PJ,TOP 10 TIPS TO AVOID INJURY WHEN WORKING OUT,517,8 months,Want my TOP 10 TIPS to avoid injury? Then head to today's episode of Ask PJ Anything and arm yourself with the knowledge to¬†...,46:36.6
/watch?v=8ksSNa9iP_s&pp=ygUQd29ya2luZyBvdXQgdGlwcw%3D%3D,/@ehowhealth,ehowhealth,Safe Exercise Tips : How to Work Out with a Shoulder Impingement,145K,12 years,"To work out safely with a shoulder impingement, you must focus on developing the muscles in the back of your shoulders to¬†...",46:36.6
/shorts/rUns_mK8TF8,/@JenniferHudsonShow,Jennifer Hudson Show,Expert‚Äôs Tips for Working Out at Home with No Equipment,49K,3 weeks,#jenniferhudson #jenniferhudsonshow.,46:36.6
/shorts/3fTmWgxifxQ,/@vitalii_sport,Vitalii Sport,six pack abs workout #shorts #abs #sixpackabs,2.4M,10 months,six pack abs workout #shorts #abs #sixpackabs --- The Best at-Home Ab Workout The Best Abs Workout Best Abs Workout At¬†...,46:36.6
/watch?v=5z2vWpdMo8k&pp=ygUQd29ya2luZyBvdXQgdGlwcw%3D%3D,/@HubermanLabClips,Huberman Lab Clips,How to End Every Workout for Best Improvement & Recovery | Dr. Andy Galpin & Dr. Andrew Huberman,351K,3 months,"During episode 5 of the Huberman Lab Guest Series with Dr. Andy Galpin, Dr. Galpin and Dr. Huberman discuss the importance¬†...",46:36.6
/watch?v=MLfRwgNvDQ0&pp=ygUQd29ya2luZyBvdXQgdGlwcw%3D%3D,/@vigeofit,VIGEO,Tips to Avoid Neck Pain While Working Out,161,11 months,Here are some quick tips on avoiding neck pain during or after working out. Do you ever get post-workout headaches? Do you¬†...,46:36.6
/watch?v=mC4fpcZPiLg&pp=ygUQd29ya2luZyBvdXQgdGlwcw%3D%3D,/@Sean_Nalewanyj,Sean Nalewanyj,10 Worst Things To Do Before A Workout (AVOID THESE),755K,5 months,-----------------------------------------------------------------------------------,46:36.6
/shorts/I0Zbb7F5JVY,/@dalati,Pierre Dalati,How To Stay Consistent With Working Out!,68K,10 months,fitness #workout #fitnesstips.,46:36.6
